ts,run_id,epoch,split,metric.loss,metric.accuracy,ctx.model.backbone,ctx.model.dropout,ctx.training.batch_size,ctx.training.learning_rate,ctx.training.weight_decay,ctx.training.epochs,ctx.data.train_ratio,ctx.data.val_ratio,ctx.data.num_workers,ctx.data.pin_memory,ctx.seed,ctx.device,ctx.cuda_available,ctx.cuda_device_count,ctx.cuda_name_0,ctx.dataset.class_names,ctx.dataset.class_counts,metric.f1,metric.auc,metric.precision,metric.recall
1759113588.8186483,1759113493,58,train,0.1882111068281064,0.9201935695538058,resnet50,0.5,32,0.0001,0.0001,100,0.7,0.15,4,True,42,cuda,True,2,Tesla T4,"['fake', 'real']","{1: 6208, 0: 5995}",,,,
1759113588.8202338,1759113493,58,val,0.12992062265168827,0.946442234123948,resnet50,0.5,32,0.0001,0.0001,100,0.7,0.15,4,True,42,cuda,True,2,Tesla T4,"['fake', 'real']","{1: 6208, 0: 5995}",0.9474474474474476,0.9903432647038157,0.9460269865067467,0.9488721804511279
1759113682.1463017,1759113493,59,train,0.182347423769671,0.9238024934383202,resnet50,0.5,32,0.0001,0.0001,100,0.7,0.15,4,True,42,cuda,True,2,Tesla T4,"['fake', 'real']","{1: 6208, 0: 5995}",,,,
1759113682.147375,1759113493,59,val,0.1471627060075981,0.9422341239479725,0.9440533530937385,0.9902103389314408,0.9306062819576333,0.9578947368421052,resnet50,0.5,32,0.0001,0.0001,100,0.7,0.15,4,True,42,cuda,True,2,Tesla T4,"['fake', 'real']","{1: 6208, 0: 5995}"
1759113775.7173285,1759113493,60,train,0.18254831679715472,0.9243766404199475,resnet50,0.5,32,0.0001,0.0001,100,0.7,0.15,4,True,42,cuda,True,2,Tesla T4,"['fake', 'real']","{1: 6208, 0: 5995}",,,,
1759113775.718515,1759113493,60,val,0.11618712792413875,0.954858454475899,0.9555388093443858,0.9919717518094301,0.9577039274924471,0.9533834586466166,resnet50,0.5,32,0.0001,0.0001,100,0.7,0.15,4,True,42,cuda,True,2,Tesla T4,"['fake', 'real']","{1: 6208, 0: 5995}"
1759113868.8046508,1759113493,61,train,0.17675094584759107,0.926017060367454,resnet50,0.5,32,0.0001,0.0001,100,0.7,0.15,4,True,42,cuda,True,2,Tesla T4,"['fake', 'real']","{1: 6208, 0: 5995}",,,,
1759113868.806116,1759113493,61,val,0.1104342431719283,0.9575363427697016,0.9577464788732395,0.9922241351041154,0.9699306090979183,0.9458646616541353,resnet50,0.5,32,0.0001,0.0001,100,0.7,0.15,4,True,42,cuda,True,2,Tesla T4,"['fake', 'real']","{1: 6208, 0: 5995}"
1759113962.0097122,1759113493,62,train,0.17337307270692917,0.9269192913385826,resnet50,0.5,32,0.0001,0.0001,100,0.7,0.15,4,True,42,cuda,True,2,Tesla T4,"['fake', 'real']","{1: 6208, 0: 5995}",,,,
1759113962.0108733,1759113493,62,val,0.12019373286107887,0.9571537872991583,0.9581777445855115,0.9931464174454828,0.951780415430267,0.9646616541353383,resnet50,0.5,32,0.0001,0.0001,100,0.7,0.15,4,True,42,cuda,True,2,Tesla T4,"['fake', 'real']","{1: 6208, 0: 5995}"
1759114055.5483654,1759113493,63,train,0.171015277608715,0.9298720472440944,resnet50,0.5,32,0.0001,0.0001,100,0.7,0.15,4,True,42,cuda,True,2,Tesla T4,"['fake', 'real']","{1: 6208, 0: 5995}",,,,
1759114055.5495846,1759113493,63,val,0.11661574908609872,0.954858454475899,0.9558713537771129,0.9932734874569602,0.9508928571428571,0.9609022556390977,resnet50,0.5,32,0.0001,0.0001,100,0.7,0.15,4,True,42,cuda,True,2,Tesla T4,"['fake', 'real']","{1: 6208, 0: 5995}"
1759114147.566454,1759113493,64,train,0.17560468443512847,0.9246227034120735,resnet50,0.5,32,0.0001,0.0001,100,0.7,0.15,4,True,42,cuda,True,2,Tesla T4,"['fake', 'real']","{1: 6208, 0: 5995}",,,,
1759114147.5676775,1759113493,64,val,0.11022941278494672,0.9617444529456771,0.9622356495468278,0.9933563464736608,0.9666160849772383,0.9578947368421052,resnet50,0.5,32,0.0001,0.0001,100,0.7,0.15,4,True,42,cuda,True,2,Tesla T4,"['fake', 'real']","{1: 6208, 0: 5995}"
1759114242.1183543,1759113493,65,train,0.1523102890865867,0.937992125984252,resnet50,0.5,32,0.0001,0.0001,100,0.7,0.15,4,True,42,cuda,True,2,Tesla T4,"['fake', 'real']","{1: 6208, 0: 5995}",,,,
1759114242.1197078,1759113493,65,val,0.09453205280604486,0.9636572302983932,0.9638645872955497,0.993980277797297,0.9753656658968437,0.9526315789473684,resnet50,0.5,32,0.0001,0.0001,100,0.7,0.15,4,True,42,cuda,True,2,Tesla T4,"['fake', 'real']","{1: 6208, 0: 5995}"
1759114335.66346,1759113493,66,train,0.16670234613093082,0.9304461942257218,resnet50,0.5,32,0.0001,0.0001,100,0.7,0.15,4,True,42,cuda,True,2,Tesla T4,"['fake', 'real']","{1: 6208, 0: 5995}",,,,
1759114335.6647887,1759113493,66,val,0.11619101813620251,0.9552410099464422,0.9563920983973164,0.9941014920478767,0.9482631189948263,0.9646616541353383,resnet50,0.5,32,0.0001,0.0001,100,0.7,0.15,4,True,42,cuda,True,2,Tesla T4,"['fake', 'real']","{1: 6208, 0: 5995}"
1759114427.7505836,1759113493,67,train,0.17047912088034828,0.9304461942257218,resnet50,0.5,32,0.0001,0.0001,100,0.7,0.15,4,True,42,cuda,True,2,Tesla T4,"['fake', 'real']","{1: 6208, 0: 5995}",,,,
1759114427.7518544,1759113493,67,val,0.10308853836691644,0.9590665646518746,0.9597895527996994,0.9938982971447309,0.9594290007513148,0.9601503759398496,resnet50,0.5,32,0.0001,0.0001,100,0.7,0.15,4,True,42,cuda,True,2,Tesla T4,"['fake', 'real']","{1: 6208, 0: 5995}"
1759114519.846018,1759113493,68,train,0.15573842494661452,0.9354494750656168,resnet50,0.5,32,0.0001,0.0001,100,0.7,0.15,4,True,42,cuda,True,2,Tesla T4,"['fake', 'real']","{1: 6208, 0: 5995}",,,,
1759114519.8473155,1759113493,68,val,0.10180868272254189,0.9560061208875287,0.9566201433421351,0.9936839762958799,0.9598788796366389,0.9533834586466166,resnet50,0.5,32,0.0001,0.0001,100,0.7,0.15,4,True,42,cuda,True,2,Tesla T4,"['fake', 'real']","{1: 6208, 0: 5995}"
1759114612.6465778,1759113493,69,train,0.1537810123905553,0.9397145669291339,resnet50,0.5,32,0.0001,0.0001,100,0.7,0.15,4,True,42,cuda,True,2,Tesla T4,"['fake', 'real']","{1: 6208, 0: 5995}",,,,
1759114612.6479182,1759113493,69,val,0.09682948456958859,0.96327467482785,0.9636638909916729,0.9945330616260277,0.9702743902439024,0.9571428571428572,resnet50,0.5,32,0.0001,0.0001,100,0.7,0.15,4,True,42,cuda,True,2,Tesla T4,"['fake', 'real']","{1: 6208, 0: 5995}"
1759114707.3707538,1759113493,70,train,0.163731629224446,0.9308562992125984,resnet50,0.5,32,0.0001,0.0001,100,0.7,0.15,4,True,42,cuda,True,2,Tesla T4,"['fake', 'real']","{1: 6208, 0: 5995}",,,,
1759114707.372426,1759113493,70,val,0.09703412506937434,0.9617444529456771,0.9624060150375939,0.9943409926685872,0.9624060150375939,0.9624060150375939,resnet50,0.5,32,0.0001,0.0001,100,0.7,0.15,4,True,42,cuda,True,2,Tesla T4,"['fake', 'real']","{1: 6208, 0: 5995}"
1759114801.275628,1759113493,71,train,0.1593715924811463,0.932988845144357,resnet50,0.5,32,0.0001,0.0001,100,0.7,0.15,4,True,42,cuda,True,2,Tesla T4,"['fake', 'real']","{1: 6208, 0: 5995}",,,,
1759114801.2770894,1759113493,71,val,0.09001364953981252,0.9644223412394797,0.9645444147922227,0.9949207129974469,0.9783449342614076,0.9511278195488722,resnet50,0.5,32,0.0001,0.0001,100,0.7,0.15,4,True,42,cuda,True,2,Tesla T4,"['fake', 'real']","{1: 6208, 0: 5995}"
1759114896.596089,1759113493,72,train,0.16178866499204728,0.9339730971128609,resnet50,0.5,32,0.0001,0.0001,100,0.7,0.15,4,True,42,cuda,True,2,Tesla T4,"['fake', 'real']","{1: 6208, 0: 5995}",,,,
1759114896.5976825,1759113493,72,val,0.09318247075494045,0.9640397857689365,0.9641221374045801,0.9943193263532664,0.9790697674418605,0.9496240601503759,resnet50,0.5,32,0.0001,0.0001,100,0.7,0.15,4,True,42,cuda,True,2,Tesla T4,"['fake', 'real']","{1: 6208, 0: 5995}"
1759114988.887366,1759113493,73,train,0.15174820477245657,0.938238188976378,resnet50,0.5,32,0.0001,0.0001,100,0.7,0.15,4,True,42,cuda,True,2,Tesla T4,"['fake', 'real']","{1: 6208, 0: 5995}",,,,
1759114988.8889072,1759113493,73,val,0.10625551635286876,0.9590665646518746,0.9599700710811822,0.9941495092872368,0.9553239017125837,0.9646616541353383,resnet50,0.5,32,0.0001,0.0001,100,0.7,0.15,4,True,42,cuda,True,2,Tesla T4,"['fake', 'real']","{1: 6208, 0: 5995}"
1759115080.7268524,1759113493,74,train,0.14827519743635764,0.9395505249343832,resnet50,0.5,32,0.0001,0.0001,100,0.7,0.15,4,True,42,cuda,True,2,Tesla T4,"['fake', 'real']","{1: 6208, 0: 5995}",,,,
1759115080.7285273,1759113493,74,val,0.09456254602869504,0.9625095638867636,0.9628787878787879,0.9942063101679431,0.9702290076335878,0.955639097744361,resnet50,0.5,32,0.0001,0.0001,100,0.7,0.15,4,True,42,cuda,True,2,Tesla T4,"['fake', 'real']","{1: 6208, 0: 5995}"
1759115174.2549906,1759113493,75,train,0.15188625806092845,0.9374179790026247,resnet50,0.5,32,0.0001,0.0001,100,0.7,0.15,4,True,42,cuda,True,2,Tesla T4,"['fake', 'real']","{1: 6208, 0: 5995}",,,,
1759115174.256711,1759113493,75,val,0.09397131593380617,0.9628921193573068,0.9633270321361058,0.9943644157121778,0.9688212927756654,0.9578947368421052,resnet50,0.5,32,0.0001,0.0001,100,0.7,0.15,4,True,42,cuda,True,2,Tesla T4,"['fake', 'real']","{1: 6208, 0: 5995}"
1759115266.410822,1759113493,76,train,0.15745083395354154,0.9351213910761155,resnet50,0.5,32,0.0001,0.0001,100,0.7,0.15,4,True,42,cuda,True,2,Tesla T4,"['fake', 'real']","{1: 6208, 0: 5995}",,,,
1759115266.41267,1759113493,76,val,0.09090529762168559,0.9644223412394797,0.9647860658841347,0.9947251305834679,0.9717772692601068,0.9578947368421052,resnet50,0.5,32,0.0001,0.0001,100,0.7,0.15,4,True,42,cuda,True,2,Tesla T4,"['fake', 'real']","{1: 6208, 0: 5995}"
1759115359.670811,1759113493,77,train,0.150011881750001,0.9373359580052494,resnet50,0.5,32,0.0001,0.0001,100,0.7,0.15,4,True,42,cuda,True,2,Tesla T4,"['fake', 'real']","{1: 6208, 0: 5995}",,,,
1759115359.6725698,1759113493,77,val,0.09426982306348702,0.968247895944912,0.9687146626460611,0.994269552385637,0.9712773998488284,0.9661654135338346,resnet50,0.5,32,0.0001,0.0001,100,0.7,0.15,4,True,42,cuda,True,2,Tesla T4,"['fake', 'real']","{1: 6208, 0: 5995}"
1759115453.117585,1759113493,78,train,0.14970838327071007,0.9394685039370079,resnet50,0.5,32,0.0001,0.0001,100,0.7,0.15,4,True,42,cuda,True,2,Tesla T4,"['fake', 'real']","{1: 6208, 0: 5995}",,,,
1759115453.119335,1759113493,78,val,0.09443930632134795,0.9655700076511095,0.9657534246575341,0.9939837912538356,0.977657935285054,0.9541353383458646,resnet50,0.5,32,0.0001,0.0001,100,0.7,0.15,4,True,42,cuda,True,2,Tesla T4,"['fake', 'real']","{1: 6208, 0: 5995}"
1759115545.5492597,1759113493,79,train,0.14613822271425705,0.9398786089238845,resnet50,0.5,32,0.0001,0.0001,100,0.7,0.15,4,True,42,cuda,True,2,Tesla T4,"['fake', 'real']","{1: 6208, 0: 5995}",,,,
1759115545.551099,1759113493,79,val,0.0839931010607097,0.9697781178270849,0.9703564727954972,0.9964467242873538,0.9685393258426966,0.9721804511278196,resnet50,0.5,32,0.0001,0.0001,100,0.7,0.15,4,True,42,cuda,True,2,Tesla T4,"['fake', 'real']","{1: 6208, 0: 5995}"
1759115640.1307936,1759113493,80,train,0.13720597497099865,0.9441437007874016,resnet50,0.5,32,0.0001,0.0001,100,0.7,0.15,4,True,42,cuda,True,2,Tesla T4,"['fake', 'real']","{1: 6208, 0: 5995}",,,,
1759115640.1325243,1759113493,80,val,0.08114555600372178,0.9690130068859985,0.9693530079455165,0.9959419576979832,0.9756283320639756,0.9631578947368421,resnet50,0.5,32,0.0001,0.0001,100,0.7,0.15,4,True,42,cuda,True,2,Tesla T4,"['fake', 'real']","{1: 6208, 0: 5995}"
1759115733.6352034,1759113493,81,train,0.14288612466302747,0.9423392388451444,resnet50,0.5,32,0.0001,0.0001,100,0.7,0.15,4,True,42,cuda,True,2,Tesla T4,"['fake', 'real']","{1: 6208, 0: 5995}",,,,
1759115733.637192,1759113493,81,val,0.08974508296444658,0.9636572302983932,0.9641103135625236,0.9951180521396951,0.9688686408504176,0.9593984962406015,resnet50,0.5,32,0.0001,0.0001,100,0.7,0.15,4,True,42,cuda,True,2,Tesla T4,"['fake', 'real']","{1: 6208, 0: 5995}"
1759115828.8195083,1759113493,82,train,0.13631622255151316,0.9430774278215223,resnet50,0.5,32,0.0001,0.0001,100,0.7,0.15,4,True,42,cuda,True,2,Tesla T4,"['fake', 'real']","{1: 6208, 0: 5995}",,,,
1759115828.8216105,1759113493,82,val,0.10415198576266792,0.9621270084162203,0.9623430962343096,0.9929783571077226,0.9738260200153964,0.9511278195488722,resnet50,0.5,32,0.0001,0.0001,100,0.7,0.15,4,True,42,cuda,True,2,Tesla T4,"['fake', 'real']","{1: 6208, 0: 5995}"
1759115922.2367759,1759113493,83,train,0.13473390561752044,0.94750656167979,resnet50,0.5,32,0.0001,0.0001,100,0.7,0.15,4,True,42,cuda,True,2,Tesla T4,"['fake', 'real']","{1: 6208, 0: 5995}",,,,
1759115922.2390454,1759113493,83,val,0.07341356513638395,0.973221117061974,0.9736247174076865,0.9961615487316421,0.9758308157099698,0.9714285714285714,resnet50,0.5,32,0.0001,0.0001,100,0.7,0.15,4,True,42,cuda,True,2,Tesla T4,"['fake', 'real']","{1: 6208, 0: 5995}"
1759116016.9512315,1759113493,84,train,0.14080984895101173,0.9442257217847769,resnet50,0.5,32,0.0001,0.0001,100,0.7,0.15,4,True,42,cuda,True,2,Tesla T4,"['fake', 'real']","{1: 6208, 0: 5995}",,,,
1759116016.9533355,1759113493,84,val,0.21698508286804485,0.9655700076511095,0.9665178571428572,0.9868280514370038,0.9565537555228277,0.9766917293233083,resnet50,0.5,32,0.0001,0.0001,100,0.7,0.15,4,True,42,cuda,True,2,Tesla T4,"['fake', 'real']","{1: 6208, 0: 5995}"
1759116111.3622544,1759113493,85,train,0.13804425585028637,0.9434875328083989,resnet50,0.5,32,0.0001,0.0001,100,0.7,0.15,4,True,42,cuda,True,2,Tesla T4,"['fake', 'real']","{1: 6208, 0: 5995}",,,,
1759116111.3642406,1759113493,85,val,0.09693877558582323,0.9697781178270849,0.9704672897196261,0.995711240718619,0.9650557620817843,0.9759398496240601,resnet50,0.5,32,0.0001,0.0001,100,0.7,0.15,4,True,42,cuda,True,2,Tesla T4,"['fake', 'real']","{1: 6208, 0: 5995}"
1759116204.5387585,1759113493,86,train,0.13884577053395059,0.9447998687664042,resnet50,0.5,32,0.0001,0.0001,100,0.7,0.15,4,True,42,cuda,True,2,Tesla T4,"['fake', 'real']","{1: 6208, 0: 5995}",,,,
1759116204.5410688,1759113493,86,val,0.08263212422731275,0.9728385615914308,0.9735764793449946,0.9972290539432693,0.9638909358879882,0.9834586466165414,resnet50,0.5,32,0.0001,0.0001,100,0.7,0.15,4,True,42,cuda,True,2,Tesla T4,"['fake', 'real']","{1: 6208, 0: 5995}"
1759116297.1098037,1759113493,87,train,0.1345843018697274,0.9466863517060368,resnet50,0.5,32,0.0001,0.0001,100,0.7,0.15,4,True,42,cuda,True,2,Tesla T4,"['fake', 'real']","{1: 6208, 0: 5995}",,,,
1759116297.1120627,1759113493,87,val,0.07329086521847064,0.9736036725325172,0.9742248785954426,0.9974580141943645,0.9680772086117297,0.9804511278195489,resnet50,0.5,32,0.0001,0.0001,100,0.7,0.15,4,True,42,cuda,True,2,Tesla T4,"['fake', 'real']","{1: 6208, 0: 5995}"
1759116391.550447,1759113493,88,train,0.1262463071041397,0.9495570866141733,resnet50,0.5,32,0.0001,0.0001,100,0.7,0.15,4,True,42,cuda,True,2,Tesla T4,"['fake', 'real']","{1: 6208, 0: 5995}",,,,
1759116391.552602,1759113493,88,val,0.06758365873176128,0.9755164498852333,0.9757391963608795,0.9964918136462652,0.9839449541284404,0.9676691729323308,resnet50,0.5,32,0.0001,0.0001,100,0.7,0.15,4,True,42,cuda,True,2,Tesla T4,"['fake', 'real']","{1: 6208, 0: 5995}"
1759116486.231725,1759113493,89,train,0.12641213648799676,0.9499671916010499,resnet50,0.5,32,0.0001,0.0001,100,0.7,0.15,4,True,42,cuda,True,2,Tesla T4,"['fake', 'real']","{1: 6208, 0: 5995}",,,,
1759116486.2339146,1759113493,89,val,0.07476138908347627,0.9747513389441469,0.975,0.9965035251680604,0.982442748091603,0.9676691729323308,resnet50,0.5,32,0.0001,0.0001,100,0.7,0.15,4,True,42,cuda,True,2,Tesla T4,"['fake', 'real']","{1: 6208, 0: 5995}"
1759116580.7879202,1759113493,90,train,0.122862616367226,0.9526738845144357,resnet50,0.5,32,0.0001,0.0001,100,0.7,0.15,4,True,42,cuda,True,2,Tesla T4,"['fake', 'real']","{1: 6208, 0: 5995}",,,,
1759116580.790856,1759113493,90,val,0.08695082377154999,0.9697781178270849,0.9702672186676702,0.996024523926639,0.9713639788997739,0.969172932330827,resnet50,0.5,32,0.0001,0.0001,100,0.7,0.15,4,True,42,cuda,True,2,Tesla T4,"['fake', 'real']","{1: 6208, 0: 5995}"
1759116674.9316266,1759113493,91,train,0.12533105379009427,0.9525098425196851,resnet50,0.5,32,0.0001,0.0001,100,0.7,0.15,4,True,42,cuda,True,2,Tesla T4,"['fake', 'real']","{1: 6208, 0: 5995}",,,,
1759116674.9341376,1759113493,91,val,0.061364743488041974,0.9751338944146901,0.9755914382275628,0.9977537301196917,0.9744936234058514,0.9766917293233083,resnet50,0.5,32,0.0001,0.0001,100,0.7,0.15,4,True,42,cuda,True,2,Tesla T4,"['fake', 'real']","{1: 6208, 0: 5995}"
1759116767.6021383,1759113493,92,train,0.12555847892426744,0.9511154855643045,resnet50,0.5,32,0.0001,0.0001,100,0.7,0.15,4,True,42,cuda,True,2,Tesla T4,"['fake', 'real']","{1: 6208, 0: 5995}",,,,
1759116767.6045227,1759113493,92,val,0.09303094832869367,0.9751338944146901,0.9757009345794393,0.9959457639425666,0.9702602230483272,0.981203007518797,resnet50,0.5,32,0.0001,0.0001,100,0.7,0.15,4,True,42,cuda,True,2,Tesla T4,"['fake', 'real']","{1: 6208, 0: 5995}"
1759116860.7898688,1759113493,93,train,0.10798587405656211,0.9596456692913385,resnet50,0.5,32,0.0001,0.0001,100,0.7,0.15,4,True,42,cuda,True,2,Tesla T4,"['fake', 'real']","{1: 6208, 0: 5995}",,,,
1759116860.7931924,1759113493,93,val,0.07481243361611355,0.9686304514154552,0.9695845697329376,0.9974017988897477,0.9568081991215227,0.9827067669172932,resnet50,0.5,32,0.0001,0.0001,100,0.7,0.15,4,True,42,cuda,True,2,Tesla T4,"['fake', 'real']","{1: 6208, 0: 5995}"
1759116953.9667246,1759113493,94,train,0.09824768370740151,0.9615321522309711,resnet50,0.5,32,0.0001,0.0001,100,0.7,0.15,4,True,42,cuda,True,2,Tesla T4,"['fake', 'real']","{1: 6208, 0: 5995}",,,,
1759116953.9693263,1759113493,94,val,0.12319873318549276,0.9736036725325172,0.974166978659678,0.9941656126297052,0.9701715137956749,0.9781954887218045,resnet50,0.5,32,0.0001,0.0001,100,0.7,0.15,4,True,42,cuda,True,2,Tesla T4,"['fake', 'real']","{1: 6208, 0: 5995}"
1759117047.8905165,1759113493,95,train,0.09645969228621956,0.9622703412073491,resnet50,0.5,32,0.0001,0.0001,100,0.7,0.15,4,True,42,cuda,True,2,Tesla T4,"['fake', 'real']","{1: 6208, 0: 5995}",,,,
1759117047.8931208,1759113493,95,val,0.05114141613951875,0.9827850038255547,0.983050847457627,0.9980020143817487,0.9849056603773585,0.981203007518797,resnet50,0.5,32,0.0001,0.0001,100,0.7,0.15,4,True,42,cuda,True,2,Tesla T4,"['fake', 'real']","{1: 6208, 0: 5995}"
1759117141.2366235,1759113493,96,train,0.09833089928482729,0.9648950131233596,resnet50,0.5,32,0.0001,0.0001,100,0.7,0.15,4,True,42,cuda,True,2,Tesla T4,"['fake', 'real']","{1: 6208, 0: 5995}",,,,
1759117141.2391505,1759113493,96,val,0.05137326181869791,0.9824024483550114,0.982615268329554,0.9980307076101469,0.9878419452887538,0.9774436090225563,resnet50,0.5,32,0.0001,0.0001,100,0.7,0.15,4,True,42,cuda,True,2,Tesla T4,"['fake', 'real']","{1: 6208, 0: 5995}"
1759117234.365101,1759113493,97,train,0.10321017093532137,0.9639107611548556,resnet50,0.5,32,0.0001,0.0001,100,0.7,0.15,4,True,42,cuda,True,2,Tesla T4,"['fake', 'real']","{1: 6208, 0: 5995}",,,,
1759117234.3676147,1759113493,97,val,0.062113406711671995,0.9797245600612089,0.9800376647834276,0.9975979668798163,0.9818867924528302,0.9781954887218045,resnet50,0.5,32,0.0001,0.0001,100,0.7,0.15,4,True,42,cuda,True,2,Tesla T4,"['fake', 'real']","{1: 6208, 0: 5995}"
1759117329.224356,1759113493,98,train,0.08787892642871704,0.968996062992126,resnet50,0.5,32,0.0001,0.0001,100,0.7,0.15,4,True,42,cuda,True,2,Tesla T4,"['fake', 'real']","{1: 6208, 0: 5995}",,,,
1759117329.2270203,1759113493,98,val,0.04343592137805177,0.9846977811782709,0.9849170437405731,0.9988007401681774,0.9878971255673222,0.9819548872180451,resnet50,0.5,32,0.0001,0.0001,100,0.7,0.15,4,True,42,cuda,True,2,Tesla T4,"['fake', 'real']","{1: 6208, 0: 5995}"
1759117424.728822,1759113493,99,train,0.08597760914148639,0.9684219160104987,resnet50,0.5,32,0.0001,0.0001,100,0.7,0.15,4,True,42,cuda,True,2,Tesla T4,"['fake', 'real']","{1: 6208, 0: 5995}",,,,
1759117424.731506,1759113493,99,val,0.03863147341210877,0.9862280030604438,0.9864355689525245,0.9988780362120253,0.9886706948640483,0.9842105263157894,resnet50,0.5,32,0.0001,0.0001,100,0.7,0.15,4,True,42,cuda,True,2,Tesla T4,"['fake', 'real']","{1: 6208, 0: 5995}"
1759117439.3266964,1759113493,99,test,0.041599604497241253,0.9858616736721437,0.9860954528372792,0.9990903599183485,0.9864661654135338,0.98572501878287,resnet50,0.5,32,0.0001,0.0001,100,0.7,0.15,4,True,42,cuda,True,2,Tesla T4,"['fake', 'real']","{1: 6208, 0: 5995}"
